{
  "sample_id": "demo7",
  "primitives": [
    {
      "type": "bspline",
      "degree": 3,
      "closed": true,
      "control_points": [
        [
          1264.0,
          391.0
        ],
        [
          1223.0,
          343.0
        ],
        [
          1194.0,
          332.0
        ],
        [
          1159.0,
          365.0
        ],
        [
          1112.0,
          442.0
        ],
        [
          1204.0,
          453.0
        ],
        [
          1230.0,
          450.0
        ],
        [
          1246.0,
          435.0
        ]
      ]
    },
    {
      "type": "ellipse",
      "center": [
        655.0218505859375,
        518.521240234375
      ],
      "axes": [
        346.542236328125,
        412.04736328125
      ],
      "angle": 89.994384765625
    }
  ],
  "metrics": {
    "global_rmse": 187.05586476866625,
    "primitive_count": 2,
    "param_total": 21
  }
}