{
  "sample_id": "demo",
  "selected": [
    {
      "segment_id": "0_0",
      "contour_id": 0,
      "type": "line",
      "params": {
        "p1": [
          38.927498054515624,
          300.2216670417383
        ],
        "p2": [
          281.1782252080231,
          379.4550917473956
        ]
      },
      "param_count": 2,
      "rmse": 0.8501514553650632,
      "score": -144.78168837176446,
      "inlier_ratio": 0.7830578512396694,
      "inlier_count": 379
    },
    {
      "segment_id": "1_1",
      "contour_id": 1,
      "type": "arc",
      "params": {
        "cx": 419.43094559514344,
        "cy": 340.4797636598283,
        "r": 99.66450864965539,
        "start_angle": 28.989947260831116,
        "end_angle": 231.1391407697528,
        "span": 202.14919350892168
      },
      "param_count": 4,
      "rmse": 0.8625991253049933,
      "score": -159.29471992127927,
      "inlier_ratio": 0.8322683706070287,
      "inlier_count": 521
    },
    {
      "segment_id": "2_2",
      "contour_id": 2,
      "type": "ellipse",
      "params": {
        "cx": 419.9848327636719,
        "cy": 160.00042724609375,
        "ax": 70.8926773071289,
        "by": 120.83966064453125,
        "angle": 115.03926086425781
      },
      "param_count": 5,
      "rmse": 0.46323185491496954,
      "score": -816.4607231724844,
      "inlier_ratio": 0.9981851179673321,
      "inlier_count": 550
    },
    {
      "segment_id": "3_3",
      "contour_id": 3,
      "type": "circle",
      "params": {
        "cx": 150.0000000000001,
        "cy": 150.00000000000003,
        "r": 80.39829578363151
      },
      "param_count": 3,
      "rmse": 0.26706829824029704,
      "score": -1185.7013010031249,
      "inlier_ratio": 1.0,
      "inlier_count": 456
    }
  ]
}