{
  "sample_id": "demo",
  "selected": [
    {
      "segment_id": "0_0",
      "contour_id": 0,
      "type": "line",
      "params": {
        "p1": [
          38.94913251196907,
          300.1546039985467
        ],
        "p2": [
          281.0592465347431,
          379.81993118019705
        ]
      },
      "param_count": 2,
      "rmse": 0.900329054055766,
      "score": -89.27095810841323,
      "inlier_ratio": 0.8512396694214877,
      "inlier_count": 412
    },
    {
      "segment_id": "1_1",
      "contour_id": 1,
      "type": "ellipse",
      "params": {
        "cx": 420.76263427734375,
        "cy": 336.87652587890625,
        "ax": 101.12924194335938,
        "by": 103.2083969116211,
        "angle": 12.086588859558105
      },
      "param_count": 5,
      "rmse": 1.89052217799033,
      "score": 829.5368024603058,
      "inlier_ratio": 0.6821086261980831,
      "inlier_count": 427
    },
    {
      "segment_id": "2_2",
      "contour_id": 2,
      "type": "ellipse",
      "params": {
        "cx": 419.9875183105469,
        "cy": 160.0008544921875,
        "ax": 70.89271545410156,
        "by": 120.84278106689453,
        "angle": 115.03726196289062
      },
      "param_count": 5,
      "rmse": 0.46419699894676997,
      "score": -814.1670936340754,
      "inlier_ratio": 1.0,
      "inlier_count": 551
    },
    {
      "segment_id": "3_3",
      "contour_id": 3,
      "type": "circle",
      "params": {
        "cx": 150.0000000000001,
        "cy": 150.00000000000003,
        "r": 80.39829578363151
      },
      "param_count": 3,
      "rmse": 0.26706829824029704,
      "score": -1185.7013010031249,
      "inlier_ratio": 1.0,
      "inlier_count": 456
    }
  ]
}