{
  "sample_id": "demo2",
  "items": [
    {
      "segment_id": "0_0",
      "contour_id": 0,
      "closed_parent": true,
      "stroke_like": false,
      "is_closed": false,
      "line_like": true,
      "elongation": 1925.456492634642,
      "point_count": 353,
      "candidates": [
        {
          "type": "line",
          "params": {
            "p1": [
              242.99439055128533,
              657.0000001362238
            ],
            "p2": [
              243.01128572053662,
              304.9999521385904
            ]
          },
          "param_count": 2,
          "rmse": 0.05292349972131165,
          "inlier_ratio": 1.0,
          "inlier_count": 353
        },
        {
          "type": "arc",
          "params": {
            "cx": -415.8672379412106,
            "cy": 516.5,
            "r": 663.1115697218275,
            "start_angle": 352.4351749942473,
            "end_angle": 7.564825005752709,
            "span": 15.129650011505419
          },
          "param_count": 4,
          "rmse": 0.8759555673743139,
          "coverage": 0.04202680558751505,
          "inlier_ratio": 0.1529745042492918,
          "inlier_count": 54
        },
        {
          "type": "circle",
          "params": {
            "cx": 6941.166666630635,
            "cy": 446.50000000000136,
            "r": 6698.66132974555
          },
          "param_count": 3,
          "rmse": 0.4416238013324724,
          "inlier_ratio": 0.8016997167138811,
          "inlier_count": 283,
          "coverage": 0.00836221791618562
        },
        {
          "type": "bspline",
          "params": {
            "degree": 3,
            "closed": false,
            "control_points": [
              [
                244.0,
                305.0
              ],
              [
                243.0,
                355.0
              ],
              [
                243.0,
                405.0
              ],
              [
                243.0,
                455.0
              ],
              [
                243.0,
                506.0
              ],
              [
                243.0,
                556.0
              ],
              [
                243.0,
                606.0
              ],
              [
                243.0,
                657.0
              ]
            ],
            "approx_eps_ratio": 0.01,
            "stroke_inlier_ratio": 0.55
          },
          "param_count": 16,
          "rmse": 0.2139837606435724
        }
      ]
    },
    {
      "segment_id": "0_1",
      "contour_id": 0,
      "closed_parent": true,
      "stroke_like": false,
      "is_closed": false,
      "line_like": true,
      "elongation": 4363.434886649432,
      "point_count": 610,
      "candidates": [
        {
          "type": "line",
          "params": {
            "p1": [
              242.99998392822192,
              657.9934501159673
            ],
            "p2": [
              852.0000000265292,
              658.0032539853369
            ]
          },
          "param_count": 2,
          "rmse": 0.04035617583647163,
          "inlier_ratio": 1.0,
          "inlier_count": 610
        },
        {
          "type": "arc",
          "params": {
            "cx": 520.6784325057237,
            "cy": 125.84101660813918,
            "r": 535.6697556904442,
            "start_angle": 82.15510469399811,
            "end_angle": 97.88259853366287,
            "span": 15.72749383966476
          },
          "param_count": 4,
          "rmse": 0.8686466398478583,
          "coverage": 0.043687482887957665,
          "inlier_ratio": 0.08688524590163935,
          "inlier_count": 53
        },
        {
          "type": "circle",
          "params": {
            "cx": 547.9999999999808,
            "cy": -30401.66666661348,
            "r": 31060.164199627266
          },
          "param_count": 3,
          "rmse": 0.44463475217526227,
          "inlier_ratio": 1.0,
          "inlier_count": 610,
          "coverage": 0.003120568519091983
        },
        {
          "type": "bspline",
          "params": {
            "degree": 3,
            "closed": false,
            "control_points": [
              [
                243.0,
                657.0
              ],
              [
                330.0,
                658.0
              ],
              [
                417.0,
                658.0
              ],
              [
                504.0,
                658.0
              ],
              [
                591.0,
                658.0
              ],
              [
                678.0,
                658.0
              ],
              [
                765.0,
                658.0
              ],
              [
                852.0,
                658.0
              ]
            ],
            "approx_eps_ratio": 0.01,
            "stroke_inlier_ratio": 0.55
          },
          "param_count": 16,
          "rmse": 0.21614411780808615
        }
      ]
    },
    {
      "segment_id": "0_2",
      "contour_id": 0,
      "closed_parent": true,
      "stroke_like": false,
      "is_closed": false,
      "line_like": true,
      "elongation": 1925.456492634642,
      "point_count": 353,
      "candidates": [
        {
          "type": "line",
          "params": {
            "p1": [
              852.9887447970415,
              658.0000478628745
            ],
            "p2": [
              853.0056399662927,
              305.999999865241
            ]
          },
          "param_count": 2,
          "rmse": 0.05292350547914153,
          "inlier_ratio": 1.0,
          "inlier_count": 353
        },
        {
          "type": "arc",
          "params": {
            "cx": 342.39970884882473,
            "cy": 382.66365096812365,
            "r": 513.487323207928,
            "start_angle": 352.45126934554764,
            "end_angle": 7.512634087196659,
            "span": 15.061364741649015
          },
          "param_count": 4,
          "rmse": 0.8629007549360092,
          "coverage": 0.041837124282358376,
          "inlier_ratio": 0.16147308781869688,
          "inlier_count": 57
        },
        {
          "type": "circle",
          "params": {
            "cx": -6722.666666660781,
            "cy": 507.4999999976335,
            "r": 7576.161650929971
          },
          "param_count": 3,
          "rmse": 0.4419612983829798,
          "inlier_ratio": 0.8526912181303116,
          "inlier_count": 301,
          "coverage": 0.007394067537583579
        },
        {
          "type": "bspline",
          "params": {
            "degree": 3,
            "closed": false,
            "control_points": [
              [
                852.0,
                658.0
              ],
              [
                853.0,
                608.0
              ],
              [
                853.0,
                558.0
              ],
              [
                853.0,
                508.0
              ],
              [
                853.0,
                457.0
              ],
              [
                853.0,
                407.0
              ],
              [
                853.0,
                357.0
              ],
              [
                853.0,
                306.0
              ]
            ],
            "approx_eps_ratio": 0.01,
            "stroke_inlier_ratio": 0.55
          },
          "param_count": 16,
          "rmse": 0.21398376064357288
        }
      ]
    },
    {
      "segment_id": "0_3",
      "contour_id": 0,
      "closed_parent": true,
      "stroke_like": false,
      "is_closed": false,
      "line_like": true,
      "elongation": 4363.434886649432,
      "point_count": 610,
      "candidates": [
        {
          "type": "line",
          "params": {
            "p1": [
              243.99999997347084,
              304.99674601466313
            ],