{
  "sample_id": "demo2",
  "items": [
    {
      "segment_id": "0_0",
      "contour_id": 0,
      "closed_parent": true,
      "stroke_like": false,
      "is_closed": false,
      "line_like": true,
      "elongation": 1925.456492634642,
      "point_count": 353,
      "candidates": [
        {
          "type": "line",
          "params": {
            "p1": [
              242.99439055128533,
              657.0000001362238
            ],
            "p2": [
              243.01128572053662,
              304.9999521385904
            ]
          },
          "param_count": 2,
          "rmse": 0.05292349972131165,
          "inlier_ratio": 1.0,
          "inlier_count": 353
        },
        {
          "type": "arc",
          "params": {
            "cx": -440.2820068001714,
            "cy": 528.6974823882666,
            "r": 688.0177086860647,
            "start_angle": 352.2741334328352,
            "end_angle": 7.693343320986969,
            "span": 15.419209888151784
          },
          "param_count": 4,
          "rmse": 0.8590850238157995,
          "coverage": 0.042831138578199396,
          "inlier_ratio": 0.14447592067988668,
          "inlier_count": 51
        },
        {
          "type": "circle",
          "params": {
            "cx": 10656.999999952219,
            "cy": 481.5000000000009,
            "r": 10414.495727062584
          },
          "param_count": 3,
          "rmse": 0.44274141045538135,
          "inlier_ratio": 1.0,
          "inlier_count": 353,
          "coverage": 0.005379287873148857
        },
        {
          "type": "bspline",
          "params": {
            "degree": 3,
            "closed": false,
            "control_points": [
              [
                244.0,
                305.0
              ],
              [
                243.0,
                355.0
              ],
              [
                243.0,
                405.0
              ],
              [
                243.0,
                455.0
              ],
              [
                243.0,
                506.0
              ],
              [
                243.0,
                556.0
              ],
              [
                243.0,
                606.0
              ],
              [
                243.0,
                657.0
              ]
            ],
            "approx_eps_ratio": 0.01
          },
          "param_count": 16,
          "rmse": 0.2139837606435724
        }
      ]
    },
    {
      "segment_id": "0_1",
      "contour_id": 0,
      "closed_parent": true,
      "stroke_like": false,
      "is_closed": false,
      "line_like": true,
      "elongation": 4363.434886649432,
      "point_count": 610,
      "candidates": [
        {
          "type": "line",
          "params": {
            "p1": [
              242.99998392822192,
              657.9934501159673
            ],
            "p2": [
              852.0000000265292,
              658.0032539853369
            ]
          },
          "param_count": 2,
          "rmse": 0.04035617583647163,
          "inlier_ratio": 1.0,
          "inlier_count": 610
        },
        {
          "type": "arc",
          "params": {
            "cx": 384.65144790857676,
            "cy": 218.28280772994893,
            "r": 442.27173366272154,
            "start_angle": 82.18531880450871,
            "end_angle": 97.85341568630827,
            "span": 15.668096881799556
          },
          "param_count": 4,
          "rmse": 0.8719667299549221,
          "coverage": 0.0435224913383321,
          "inlier_ratio": 0.09344262295081968,
          "inlier_count": 57
        },
        {
          "type": "circle",
          "params": {
            "cx": 547.9999999999808,
            "cy": -30401.66666661348,
            "r": 31060.164199627266
          },
          "param_count": 3,
          "rmse": 0.44463475217526227,
          "inlier_ratio": 1.0,
          "inlier_count": 610,
          "coverage": 0.003120568519091983
        },
        {
          "type": "bspline",
          "params": {
            "degree": 3,
            "closed": false,
            "control_points": [
              [
                243.0,
                657.0
              ],
              [
                330.0,
                658.0
              ],
              [
                417.0,
                658.0
              ],
              [
                504.0,
                658.0
              ],
              [
                591.0,
                658.0
              ],
              [
                678.0,
                658.0
              ],
              [
                765.0,
                658.0
              ],
              [
                852.0,
                658.0
              ]
            ],
            "approx_eps_ratio": 0.01
          },
          "param_count": 16,
          "rmse": 0.21614411780808615
        }
      ]
    },
    {
      "segment_id": "0_2",
      "contour_id": 0,
      "closed_parent": true,
      "stroke_like": false,
      "is_closed": false,
      "line_like": true,
      "elongation": 1925.456492634642,
      "point_count": 353,
      "candidates": [
        {
          "type": "line",
          "params": {
            "p1": [
              852.9887447970415,
              658.0000478628745
            ],
            "p2": [
              853.0056399662927,
              305.999999865241
            ]
          },
          "param_count": 2,
          "rmse": 0.05292350547914153,
          "inlier_ratio": 1.0,
          "inlier_count": 353
        },
        {
          "type": "arc",
          "params": {
            "cx": 276.4745044587232,
            "cy": 510.0000000000001,
            "r": 580.1192236737043,
            "start_angle": 352.3926695744947,
            "end_angle": 7.607330425505268,
            "span": 15.214660851010592
          },
          "param_count": 4,
          "rmse": 0.8604622766005428,
          "coverage": 0.042262946808362754,
          "inlier_ratio": 0.1529745042492918,
          "inlier_count": 54
        },
        {
          "type": "circle",
          "params": {
            "cx": 241.71328154500475,
            "cy": 562.5,
            "r": 612.235005663247
          },
          "param_count": 3,
          "rmse": 0.8470534441733392,
          "inlier_ratio": 0.3342776203966006,
          "inlier_count": 118,
          "coverage": 0.08793606664565551
        },
        {
          "type": "bspline",
          "params": {
            "degree": 3,
            "closed": false,
            "control_points": [
              [
                852.0,
                658.0
              ],
              [
                853.0,
                608.0
              ],
              [
                853.0,
                558.0
              ],
              [
                853.0,
                508.0
              ],
              [
                853.0,
                457.0
              ],
              [
                853.0,
                407.0
              ],
              [
                853.0,
                357.0
              ],
              [
                853.0,
                306.0
              ]
            ],
            "approx_eps_ratio": 0.01
          },
          "param_count": 16,
          "rmse": 0.21398376064357288
        }
      ]
    },
    {
      "segment_id": "0_3",
      "contour_id": 0,
      "closed_parent": true,
      "stroke_like": false,
      "is_closed": false,
      "line_like": true,
      "elongation": 4363.434886649432,
      "point_count": 610,
      "candidates": [
        {
          "type": "line",
          "params": {
            "p1": [
              243.99999997347084,
              304.99674601466313
            ],
            "p2": [
              853.0000160717781,
              305.00654988403267
            ]
          },
          "param_count": 2,