{
  "sample_id": "demo7",
  "primitives": [
    {
      "type": "bspline",
      "degree": 3,
      "closed": true,
      "control_points": [
        [
          1264.0,
          391.0
        ],
        [
          1223.0,
          343.0
        ],
        [
          1194.0,
          332.0
        ],
        [
          1159.0,
          365.0
        ],
        [
          1112.0,
          442.0
        ],
        [
          1204.0,
          453.0
        ],
        [
          1230.0,
          450.0
        ],
        [
          1246.0,
          435.0
        ]
      ]
    },
    {
      "type": "ellipse",
      "center": [
        655.0223999023438,
        518.5213623046875
      ],
      "axes": [
        346.5421447753906,
        412.048095703125
      ],
      "angle": 89.99468994140625
    },
    {
      "type": "bspline",
      "degree": 3,
      "closed": false,
      "control_points": [
        [
          549.0,
          483.0
        ],
        [
          635.0,
          713.0
        ],
        [
          913.0,
          713.0
        ],
        [
          999.0,
          483.0
        ]
      ]
    },
    {
      "type": "line",
      "p1": [
        548.7028287424835,
        482.52476097336876
      ],
      "p2": [
        775.2798025887083,
        340.8482069566418
      ]
    }
  ],
  "metrics": {
    "global_rmse": 187.05586476866625,
    "primitive_count": 4,
    "param_total": 31
  }
}