{
  "nodes": [
    {
      "xy": [
        1194.0,
        332.0
      ]
    },
    {
      "xy": [
        634.0,
        172.0
      ]
    }
  ],
  "edges": [
    {
      "edge_id": 0,
      "segment_id": "0_0",
      "type": "bspline",
      "params": {
        "degree": 3,
        "closed": true,
        "control_points": [
          [
            1264.0,
            391.0
          ],
          [
            1223.0,
            343.0
          ],
          [
            1194.0,
            332.0
          ],
          [
            1159.0,
            365.0
          ],
          [
            1112.0,
            442.0
          ],
          [
            1204.0,
            453.0
          ],
          [
            1230.0,
            450.0
          ],
          [
            1246.0,
            435.0
          ]
        ],
        "approx_eps_ratio": 0.01,
        "stroke_inlier_ratio": 0.55
      },
      "from": 0,
      "to": 0
    },
    {
      "edge_id": 1,
      "segment_id": "1_1",
      "type": "ellipse",
      "params": {
        "cx": 655.0218505859375,
        "cy": 518.521240234375,
        "ax": 346.542236328125,
        "by": 412.04736328125,
        "angle": 89.994384765625
      },
      "from": 1,
      "to": 1
    }
  ]
}