{
  "sample_id": "demo",
  "primitives": [
    {
      "type": "line",
      "p1": [
        39.246418325362825,
        299.2698361600328
      ],
      "p2": [
        280.7408779019112,
        380.76780724299647
      ]
    },
    {
      "type": "arc",
      "center": [
        419.5475433495813,
        340.5704870458705
      ],
      "radius": 99.7691117240535,
      "start_angle": 28.976852907432203,
      "end_angle": 231.11966653725023
    },
    {
      "type": "arc",
      "center": [
        373.52661282660614,
        259.07380860788186
      ],
      "radius": 180.74931740287067,
      "start_angle": 260.53317226842336,
      "end_angle": 329.91405905060583
    },
    {
      "type": "arc",
      "center": [
        150.11779455079716,
        149.95144531537287
      ],
      "radius": 80.48160756936612,
      "start_angle": 351.49090087935053,
      "end_angle": 306.3976396752671
    }
  ],
  "metrics": {
    "global_rmse": 80.42324695534921,
    "primitive_count": 4,
    "param_total": 14
  }
}