{
  "sample_id": "demo2",
  "primitives": [
    {
      "type": "ellipse",
      "center": [
        568.063232421875,
        480.9531555175781
      ],
      "axes": [
        177.255615234375,
        1240.9010009765625
      ],
      "angle": 89.7323989868164
    },
    {
      "type": "ellipse",
      "center": [
        931.028076171875,
        240.525146484375
      ],
      "axes": [
        62.53921127319336,
        142.1845245361328
      ],
      "angle": 90.00341796875
    },
    {
      "type": "line",
      "p1": [
        165.2226017037262,
        393.14216926046174
      ],
      "p2": [
        280.31715185634516,
        154.67043232653683
      ]
    },
    {
      "type": "ellipse",
      "center": [
        221.1015625,
        -35.15802001953125
      ],
      "axes": [
        82.81237030029297,
        512.0720825195312
      ],
      "angle": 122.20426940917969
    }
  ],
  "metrics": {
    "global_rmse": 320.3881008064244,
    "primitive_count": 4,
    "param_total": 17
  }
}