{
  "sample_id": "demo",
  "items": [
    {
      "segment_id": "0_0",
      "contour_id": 0,
      "closed_parent": true,
      "stroke_like": true,
      "is_closed": false,
      "line_like": true,
      "elongation": 75.04924233299137,
      "point_count": 484,
      "candidates": [
        {
          "type": "line",
          "params": {
            "p1": [
              38.88914079393629,
              300.338437369623
            ],
            "p2": [
              281.10437799740487,
              379.68134833119757
            ]
          },
          "param_count": 2,
          "rmse": 0.8666500517411214,
          "inlier_ratio": 0.8037190082644629,
          "inlier_count": 389
        },
        {
          "type": "arc",
          "params": {
            "cx": 111.974789210415,
            "cy": 703.8142655300011,
            "r": 362.1376132513361,
            "start_angle": 279.3415352988024,
            "end_angle": 297.3572007317953,
            "span": 18.01566543299282
          },
          "param_count": 4,
          "rmse": 0.77261350760994,
          "coverage": 0.05004351509164672,
          "inlier_ratio": 0.25206611570247933,
          "inlier_count": 122
        },
        {
          "type": "circle",
          "params": {
            "cx": 433.5874528570179,
            "cy": -491.58072499323185,
            "r": 878.6070533334995
          },
          "param_count": 3,
          "rmse": 2.4097822352665514,
          "inlier_ratio": 0.8037190082644629,
          "inlier_count": 389,
          "coverage": 0.046014524832149406
        },
        {
          "type": "bspline",
          "params": {
            "degree": 3,
            "closed": false,
            "control_points": [
              [
                40.0,
                299.0
              ],
              [
                70.44392288859049,
                311.04550781529446
              ],
              [
                105.81407817738622,
                322.9781631040901
              ],
              [
                138.69556831360418,
                333.9672901357121
              ],
              [
                174.0944914020771,
                345.83049381236697
              ],
              [
                206.9923371341569,
                356.7801349426384
              ],
              [
                242.46192931405676,
                368.4727283403296
              ],
              [
                278.0,
                380.0
              ]
            ],
            "approx_eps_ratio": 0.01,
            "stroke_inlier_ratio": 0.55
          },
          "param_count": 16,
          "rmse": 0.0634551915520283
        }
      ]
    },
    {
      "segment_id": "1_1",
      "contour_id": 1,
      "closed_parent": true,
      "stroke_like": false,
      "is_closed": false,
      "line_like": false,
      "elongation": 2.0973071560703516,
      "point_count": 314,
      "candidates": [
        {
          "type": "line",
          "params": {
            "p1": [
              317.52328949274295,
              348.7787489557534
            ],
            "p2": [
              324.41769400336403,
              302.76292830421824
            ]
          },
          "param_count": 2,
          "rmse": 0.817132422535916,
          "inlier_ratio": 0.14968152866242038,
          "inlier_count": 47
        },
        {
          "type": "arc",
          "params": {
            "cx": 419.8927175016089,
            "cy": 340.07645987939657,
            "r": 100.75345838842006,
            "start_angle": 31.09039119427348,
            "end_angle": 230.70532843684154,
            "span": 199.61493724256806
          },
          "param_count": 4,
          "rmse": 0.2991049210682502,
          "coverage": 0.5544859367849113,
          "inlier_ratio": 1.0,
          "inlier_count": 314
        },
        {
          "type": "circle",
          "params": {
            "cx": 419.8927175016089,
            "cy": 340.07645987939657,
            "r": 100.75345838842006
          },
          "param_count": 3,
          "rmse": 0.2991049210682502,
          "inlier_ratio": 1.0,
          "inlier_count": 314,
          "coverage": 0.5544859367849113
        },
        {
          "type": "ellipse",
          "params": {
            "cx": 419.3980407714844,
            "cy": 340.55780029296875,
            "ax": 99.95428466796875,
            "by": 100.71041870117188,
            "angle": 136.27833557128906
          },
          "param_count": 5,
          "rmse": 0.5613316555680642,
          "inlier_ratio": 0.9904458598726115,
          "inlier_count": 311
        },
        {
          "type": "bspline",
          "params": {
            "degree": 3,
            "closed": false,
            "control_points": [
              [
                356.0,
                262.0
              ],
              [
                332.0,
                290.0
              ],
              [
                319.0,
                331.0
              ],
              [
                325.0,
                375.0
              ],
              [
                351.0,
                414.0
              ],
              [
                394.0,
                438.0
              ],
              [
                437.0,
                440.0
              ],
              [
                476.0,
                424.0
              ],
              [
                506.0,
                392.0
              ]
            ],
            "approx_eps_ratio": 0.01,
            "stroke_inlier_ratio": 0.55
          },
          "param_count": 18,
          "rmse": 1.470984963436433
        }
      ]
    },
    {
      "segment_id": "1_2",
      "contour_id": 1,
      "closed_parent": true,
      "stroke_like": false,
      "is_closed": false,
      "line_like": false,
      "elongation": 2.0452397455066067,
      "point_count": 314,
      "candidates": [
        {
          "type": "line",
          "params": {
            "p1": [
              387.87173906149,
              435.2766905181617
            ],
            "p2": [
              432.81993469835095,
              439.7923455449848
            ]
          },
          "param_count": 2,
          "rmse": 0.845093122869018,
          "inlier_ratio": 0.14012738853503184,
          "inlier_count": 44
        },
        {
          "type": "arc",
          "params": {
            "cx": 420.16762742559894,
            "cy": 339.8279370798388,
            "r": 99.16747178251767,
            "start_angle": 29.522323236204386,
            "end_angle": 230.57309205552804,
            "span": 201.05076881932365
          },
          "param_count": 4,
          "rmse": 0.3330667031453683,
          "coverage": 0.5584743578314546,
          "inlier_ratio": 1.0,
          "inlier_count": 314
        },
        {
          "type": "circle",
          "params": {
            "cx": 420.16762742559894,
            "cy": 339.8279370798388,
            "r": 99.16747178251767
          },
          "param_count": 3,
          "rmse": 0.3330667031453683,
          "inlier_ratio": 1.0,
          "inlier_count": 314,
          "coverage": 0.5584743578314546
        },
        {
          "type": "ellipse",
          "params": {
            "cx": 420.3179931640625,
            "cy": 339.60760498046875,
            "ax": 99.10245513916016,
            "by": 99.52460479736328,
            "angle": 39.44176483154297
          },
          "param_count": 5,
          "rmse": 0.5273591057942442,
          "inlier_ratio": 0.9777070063694268,
          "inlier_count": 307
        },
        {
          "type": "bspline",
          "params": {
            "degree": 3,
            "closed": false,