{
  "sample_id": "demo",
  "items": [
    {
      "segment_id": "0_0",
      "contour_id": 0,
      "closed_parent": true,
      "is_closed": false,
      "line_like": true,
      "elongation": 75.04924233299137,
      "point_count": 484,
      "candidates": [
        {
          "type": "line",
          "params": {
            "p1": [
              39.259805258941796,
              299.23305953130284
            ],
            "p2": [
              280.65775105994055,
              381.0103080699129
            ]
          },
          "param_count": 2,
          "rmse": 0.8730437637119598,
          "inlier_ratio": 0.8119834710743802,
          "inlier_count": 393
        },
        {
          "type": "arc",
          "params": {
            "cx": 235.9488751155742,
            "cy": 196.8113884617582,
            "r": 161.59091860327092,
            "start_angle": 93.11974111947347,
            "end_angle": 124.31357891205948,
            "span": 31.19383779258601
          },
          "param_count": 4,
          "rmse": 1.3414478866183015,
          "coverage": 0.08664954942385003,
          "inlier_ratio": 0.24380165289256198,
          "inlier_count": 118
        },
        {
          "type": "circle",
          "params": {
            "cx": -137.88493879005185,
            "cy": 1252.5644348203973,
            "r": 962.8365622655741
          },
          "param_count": 3,
          "rmse": 2.1694714911650177,
          "inlier_ratio": 0.7830578512396694,
          "inlier_count": 379,
          "coverage": 0.042011833378246245
        },
        {
          "type": "bspline",
          "params": {
            "degree": 3,
            "closed": false,
            "control_points": [
              [
                40.0,
                299.0
              ],
              [
                107.0,
                323.0
              ],
              [
                176.0,
                346.0
              ],
              [
                245.0,
                369.0
              ],
              [
                248.0,
                368.0
              ],
              [
                179.0,
                345.0
              ],
              [
                110.0,
                322.0
              ],
              [
                41.0,
                299.0
              ]
            ],
            "approx_eps_ratio": 0.01
          },
          "param_count": 16,
          "rmse": 7.5986983923752955
        }
      ]
    },
    {
      "segment_id": "1_1",
      "contour_id": 1,
      "closed_parent": true,
      "is_closed": false,
      "line_like": false,
      "elongation": 2.0973071560703516,
      "point_count": 314,
      "candidates": [
        {
          "type": "line",
          "params": {
            "p1": [
              393.94932667518776,
              439.0147487696866
            ],
            "p2": [
              436.94199190766756,
              441.16164780180014
            ]
          },
          "param_count": 2,
          "rmse": 0.768836384858262,
          "inlier_ratio": 0.14012738853503184,
          "inlier_count": 44
        },
        {
          "type": "arc",
          "params": {
            "cx": 419.8927175016089,
            "cy": 340.07645987939657,
            "r": 100.75345838842006,
            "start_angle": 31.09039119427348,
            "end_angle": 230.70532843684154,
            "span": 199.61493724256806
          },
          "param_count": 4,
          "rmse": 0.2991049210682502,
          "coverage": 0.5544859367849113,
          "inlier_ratio": 1.0,
          "inlier_count": 314
        },
        {
          "type": "circle",
          "params": {
            "cx": 419.8927175016089,
            "cy": 340.07645987939657,
            "r": 100.75345838842006
          },
          "param_count": 3,
          "rmse": 0.2991049210682502,
          "inlier_ratio": 1.0,
          "inlier_count": 314,
          "coverage": 0.5544859367849113
        },
        {
          "type": "ellipse",
          "params": {
            "cx": 419.4076843261719,
            "cy": 340.5748596191406,
            "ax": 99.95370483398438,
            "by": 100.69251251220703,
            "angle": 135.57080078125
          },
          "param_count": 5,
          "rmse": 0.5720956894265913,
          "inlier_ratio": 1.0,
          "inlier_count": 314
        },
        {
          "type": "bspline",
          "params": {
            "degree": 3,
            "closed": false,
            "control_points": [
              [
                356.0,
                262.0
              ],
              [
                332.0,
                290.0
              ],
              [
                319.0,
                331.0
              ],
              [
                325.0,
                375.0
              ],
              [
                351.0,
                414.0
              ],
              [
                394.0,
                438.0
              ],
              [
                437.0,
                440.0
              ],
              [
                476.0,
                424.0
              ],
              [
                506.0,
                392.0
              ]
            ],
            "approx_eps_ratio": 0.01
          },
          "param_count": 18,
          "rmse": 1.470984963436433
        }
      ]
    },
    {
      "segment_id": "1_2",
      "contour_id": 1,
      "closed_parent": true,
      "is_closed": false,
      "line_like": false,
      "elongation": 2.0452397455066067,
      "point_count": 314,
      "candidates": [
        {
          "type": "line",
          "params": {
            "p1": [
              371.64563687636104,
              428.253473025122
            ],
            "p2": [
              414.60470824840024,
              440.3982428091195
            ]
          },
          "param_count": 2,
          "rmse": 0.7658674999590845,
          "inlier_ratio": 0.14012738853503184,
          "inlier_count": 44
        },
        {
          "type": "arc",
          "params": {
            "cx": 420.16762742559894,
            "cy": 339.8279370798388,
            "r": 99.16747178251767,
            "start_angle": 29.522323236204386,
            "end_angle": 230.57309205552804,
            "span": 201.05076881932365
          },
          "param_count": 4,
          "rmse": 0.3330667031453683,
          "coverage": 0.5584743578314546,
          "inlier_ratio": 1.0,
          "inlier_count": 314
        },
        {
          "type": "circle",
          "params": {
            "cx": 420.16762742559894,
            "cy": 339.8279370798388,
            "r": 99.16747178251767
          },
          "param_count": 3,
          "rmse": 0.3330667031453683,
          "inlier_ratio": 1.0,
          "inlier_count": 314,
          "coverage": 0.5584743578314546
        },
        {
          "type": "ellipse",
          "params": {
            "cx": 420.2413330078125,
            "cy": 339.75177001953125,
            "ax": 99.06829071044922,
            "by": 99.35763549804688,
            "angle": 43.93767547607422
          },
          "param_count": 5,
          "rmse": 0.5216048690341043,
          "inlier_ratio": 0.9745222929936306,
          "inlier_count": 306
        },
        {
          "type": "bspline",
          "params": {
            "degree": 3,
            "closed": false,