{
  "sample_id": "demo",
  "selected": [
    {
      "segment_id": "0_0",
      "contour_id": 0,
      "type": "line",
      "params": {
        "p1": [
          39.25912209808884,
          299.23219275700353
        ],
        "p2": [
          280.7535816746372,
          380.7301638399672
        ]
      },
      "param_count": 2,
      "rmse": 0.9056833317813555,
      "score": -83.53128980479062,
      "inlier_ratio": 0.859504132231405,
      "inlier_count": 416
    },
    {
      "segment_id": "1_1",
      "contour_id": 1,
      "type": "ellipse",
      "params": {
        "cx": 417.2308349609375,
        "cy": 342.62969970703125,
        "ax": 96.8279800415039,
        "by": 99.85488891601562,
        "angle": 136.47097778320312
      },
      "param_count": 5,
      "rmse": 0.6347745605771504,
      "score": -536.8189261737726,
      "inlier_ratio": 0.5031948881789138,
      "inlier_count": 315
    },
    {
      "segment_id": "2_2",
      "contour_id": 2,
      "type": "ellipse",
      "params": {
        "cx": 419.9875183105469,
        "cy": 160.0008544921875,
        "ax": 70.89271545410156,
        "by": 120.84278106689453,
        "angle": 115.03726196289062
      },
      "param_count": 5,
      "rmse": 0.46419699894676997,
      "score": -814.1670936340754,
      "inlier_ratio": 1.0,
      "inlier_count": 551
    },
    {
      "segment_id": "3_3",
      "contour_id": 3,
      "type": "arc",
      "params": {
        "cx": 150.05445313856794,
        "cy": 149.92879869620583,
        "r": 80.33989209264155,
        "start_angle": 166.9645250792205,
        "end_angle": 80.70201751639956,
        "span": 273.73749243717907
      },
      "param_count": 4,
      "rmse": 0.25916317482806434,
      "score": -1206.9812548440468,
      "inlier_ratio": 0.6864035087719298,
      "inlier_count": 313
    }
  ]
}