{
  "sample_id": "demo7",
  "items": [
    {
      "segment_id": "0_0",
      "contour_id": 0,
      "closed_parent": true,
      "stroke_like": false,
      "is_closed": true,
      "line_like": false,
      "elongation": 1.2646687554679708,
      "point_count": 373,
      "candidates": [
        {
          "type": "circle",
          "params": {
            "cx": 1203.7275719188153,
            "cy": 397.44325713120793,
            "r": 55.823318227905126
          },
          "param_count": 3,
          "rmse": 0.8819554363707933,
          "inlier_ratio": 0.3190348525469169,
          "inlier_count": 119,
          "coverage": 0.9955406125230851
        },
        {
          "type": "arc",
          "params": {
            "cx": 1202.779828550291,
            "cy": 397.5251657759627,
            "r": 55.63584051621062,
            "start_angle": 193.6296948826666,
            "end_angle": 112.54103230156397,
            "span": 278.91133741889735
          },
          "param_count": 4,
          "rmse": 0.7692126007612126,
          "coverage": 0.7747537150524926,
          "inlier_ratio": 0.289544235924933,
          "inlier_count": 108
        },
        {
          "type": "line",
          "params": {
            "p1": [
              1111.9709934961857,
              442.2629942943228
            ],
            "p2": [
              1217.786612358816,
              453.93457356381305
            ]
          },
          "param_count": 2,
          "rmse": 0.4429585842686747,
          "inlier_ratio": 0.2868632707774799,
          "inlier_count": 107
        },
        {
          "type": "bspline",
          "params": {
            "degree": 3,
            "closed": true,
            "control_points": [
              [
                1264.0,
                391.0
              ],
              [
                1223.0,
                343.0
              ],
              [
                1194.0,
                332.0
              ],
              [
                1159.0,
                365.0
              ],
              [
                1112.0,
                442.0
              ],
              [
                1204.0,
                453.0
              ],
              [
                1230.0,
                450.0
              ],
              [
                1246.0,
                435.0
              ]
            ],
            "approx_eps_ratio": 0.01,
            "stroke_inlier_ratio": 0.55
          },
          "param_count": 16,
          "rmse": 1.2628764448964345
        }
      ]
    },
    {
      "segment_id": "1_1",
      "contour_id": 1,
      "closed_parent": true,
      "stroke_like": false,
      "is_closed": true,
      "line_like": false,
      "elongation": 1.1229481188889057,
      "point_count": 2154,
      "candidates": [
        {
          "type": "circle",
          "params": {
            "cx": 653.8944646348435,
            "cy": 396.96832703190296,
            "r": 468.4807605818626
          },
          "param_count": 3,
          "rmse": 0.5126103743367455,
          "inlier_ratio": 0.23909006499535748,
          "inlier_count": 515,
          "coverage": 0.9991006639219469
        },
        {
          "type": "ellipse",
          "params": {
            "cx": 655.0222778320312,
            "cy": 518.5217895507812,
            "ax": 346.5426940917969,
            "by": 412.0479431152344,
            "angle": 89.99443817138672
          },
          "param_count": 5,
          "rmse": 0.49162403617209993,
          "inlier_ratio": 0.999535747446611,
          "inlier_count": 2153
        },
        {
          "type": "arc",
          "params": {
            "cx": 655.654359713727,
            "cy": 397.7849316064187,
            "r": 467.79694353664877,
            "start_angle": 49.15740113617517,
            "end_angle": 135.90773264691722,
            "span": 86.75033151074206
          },
          "param_count": 4,
          "rmse": 0.5907637222177682,
          "coverage": 0.2409731430853946,
          "inlier_ratio": 0.2720519962859796,
          "inlier_count": 586
        },
        {
          "type": "line",
          "params": {
            "p1": [
              665.1525330675977,
              170.67660813651946
            ],
            "p2": [
              760.1582527068522,
              181.62701702171287
            ]
          },
          "param_count": 2,
          "rmse": 0.6341568611303542,
          "inlier_ratio": 0.04224698235840297,
          "inlier_count": 91
        },
        {
          "type": "bspline",
          "params": {
            "degree": 3,
            "closed": true,
            "control_points": [
              [
                533.0,
                187.0
              ],
              [
                380.0,
                260.0
              ],
              [
                279.0,
                376.0
              ],
              [
                243.0,
                534.0
              ],
              [
                280.0,
                663.0
              ],
              [
                384.0,
                780.0
              ],
              [
                537.0,
                851.0
              ],
              [
                721.0,
                861.0
              ],
              [
                886.0,
                806.0
              ],
              [
                1048.0,
                624.0
              ],
              [
                1067.0,
                503.0
              ],
              [
                1030.0,
                374.0
              ],
              [
                944.0,
                271.0
              ],
              [
                816.0,
                199.0
              ]
            ],
            "approx_eps_ratio": 0.01,
            "stroke_inlier_ratio": 0.55
          },
          "param_count": 28,
          "rmse": 8.64896576401386
        }
      ]
    },
    {
      "segment_id": "2_2",
      "contour_id": 2,
      "closed_parent": true,
      "stroke_like": false,
      "is_closed": false,
      "line_like": true,
      "elongation": 260.9949050880876,
      "point_count": 231,
      "candidates": [
        {
          "type": "line",
          "params": {
            "p1": [
              548.704367026178,
              483.11015732396373
            ],
            "p2": [
              634.4441359386284,
              713.2071313370304
            ]
          },
          "param_count": 2,
          "rmse": 0.27265777349665726,
          "inlier_ratio": 1.0,
          "inlier_count": 231
        },
        {
          "type": "arc",
          "params": {
            "cx": 808.7082419224996,
            "cy": 443.9737028025742,
            "r": 260.5486086008251,
            "start_angle": 149.18621216807816,
            "end_angle": 170.305309620348,
            "span": 21.11909745226984
          },
          "param_count": 4,
          "rmse": 0.6430270180848663,
          "coverage": 0.05866415958963845,
          "inlier_ratio": 0.11688311688311688,
          "inlier_count": 27
        },
        {
          "type": "circle",
          "params": {
            "cx": 902.6979540036491,
            "cy": 482.0514981764825,
            "r": 339.62175653812466
          },
          "param_count": 3,
          "rmse": 6.625011211454205,
          "inlier_ratio": 1.0,
          "inlier_count": 231,
          "coverage": 0.11286490014876055
        },
        {
          "type": "bspline",
          "params": {
            "degree": 3,
            "closed": false,