{
  "sample_id": "demo2",
  "items": [
    {
      "segment_id": "0_0",
      "contour_id": 0,
      "closed_parent": true,
      "stroke_like": false,
      "is_closed": false,
      "line_like": true,
      "elongation": 1925.456492634642,
      "point_count": 353,
      "candidates": [
        {
          "type": "line",
          "params": {
            "p1": [
              242.99439055128533,
              657.0000001362238
            ],
            "p2": [
              243.01128572053662,
              304.9999521385904
            ]
          },
          "param_count": 2,
          "rmse": 0.05292349972131165,
          "inlier_ratio": 1.0,
          "inlier_count": 353
        },
        {
          "type": "arc",
          "params": {
            "cx": -375.63611772720174,
            "cy": 496.31625862708034,
            "r": 622.4399959875045,
            "start_angle": 352.51171981001346,
            "end_angle": 7.521734450595602,
            "span": 15.010014640582142
          },
          "param_count": 4,
          "rmse": 0.8713750948903788,
          "coverage": 0.04169448511272817,
          "inlier_ratio": 0.1558073654390935,
          "inlier_count": 55
        },
        {
          "type": "circle",
          "params": {
            "cx": 10656.999999952219,
            "cy": 481.5000000000009,
            "r": 10414.495727062584
          },
          "param_count": 3,
          "rmse": 0.44274141045538135,
          "inlier_ratio": 1.0,
          "inlier_count": 353,
          "coverage": 0.005379287873148857
        },
        {
          "type": "bspline",
          "params": {
            "degree": 3,
            "closed": false,
            "control_points": [
              [
                244.0,
                305.0
              ],
              [
                243.0,
                355.0
              ],
              [
                243.0,
                405.0
              ],
              [
                243.0,
                455.0
              ],
              [
                243.0,
                506.0
              ],
              [
                243.0,
                556.0
              ],
              [
                243.0,
                606.0
              ],
              [
                243.0,
                657.0
              ]
            ],
            "approx_eps_ratio": 0.01
          },
          "param_count": 16,
          "rmse": 0.2139837606435724
        }
      ]
    },
    {
      "segment_id": "0_1",
      "contour_id": 0,
      "closed_parent": true,
      "stroke_like": false,
      "is_closed": false,
      "line_like": true,
      "elongation": 4363.434886649432,
      "point_count": 610,
      "candidates": [
        {
          "type": "line",
          "params": {
            "p1": [
              242.99998392822192,
              657.9934501159673
            ],
            "p2": [
              852.0000000265292,
              658.0032539853369
            ]
          },
          "param_count": 2,
          "rmse": 0.04035617583647163,
          "inlier_ratio": 1.0,
          "inlier_count": 610
        },
        {
          "type": "arc",
          "params": {
            "cx": 364.00000000000045,
            "cy": 230.22365125989015,
            "r": 430.6960698002944,
            "start_angle": 81.75322952670876,
            "end_angle": 98.2467704732914,
            "span": 16.49354094658264
          },
          "param_count": 4,
          "rmse": 0.8637925374812672,
          "coverage": 0.04581539151828511,
          "inlier_ratio": 0.08524590163934426,
          "inlier_count": 52
        },
        {
          "type": "circle",
          "params": {
            "cx": 547.9999999999808,
            "cy": -30401.66666661348,
            "r": 31060.164199627266
          },
          "param_count": 3,
          "rmse": 0.44463475217526227,
          "inlier_ratio": 1.0,
          "inlier_count": 610,
          "coverage": 0.003120568519091983
        },
        {
          "type": "bspline",
          "params": {
            "degree": 3,
            "closed": false,
            "control_points": [
              [
                243.0,
                657.0
              ],
              [
                330.0,
                658.0
              ],
              [
                417.0,
                658.0
              ],
              [
                504.0,
                658.0
              ],
              [
                591.0,
                658.0
              ],
              [
                678.0,
                658.0
              ],
              [
                765.0,
                658.0
              ],
              [
                852.0,
                658.0
              ]
            ],
            "approx_eps_ratio": 0.01
          },
          "param_count": 16,
          "rmse": 0.21614411780808615
        }
      ]
    },
    {
      "segment_id": "0_2",
      "contour_id": 0,
      "closed_parent": true,
      "stroke_like": false,
      "is_closed": false,
      "line_like": true,
      "elongation": 1925.456492634642,
      "point_count": 353,
      "candidates": [
        {
          "type": "line",
          "params": {
            "p1": [
              852.9887447970415,
              658.0000478628745
            ],
            "p2": [
              853.0056399662927,
              305.999999865241
            ]
          },
          "param_count": 2,
          "rmse": 0.05292350547914153,
          "inlier_ratio": 1.0,
          "inlier_count": 353
        },
        {
          "type": "arc",
          "params": {
            "cx": 318.8601524864898,
            "cy": 432.67400834829635,
            "r": 537.474447066109,
            "start_angle": 352.25202572724567,
            "end_angle": 7.7113187499037394,
            "span": 15.459293022658073
          },
          "param_count": 4,
          "rmse": 0.8764010400648915,
          "coverage": 0.04294248061849465,
          "inlier_ratio": 0.1558073654390935,
          "inlier_count": 55
        },
        {
          "type": "circle",
          "params": {
            "cx": -9560.999999924972,
            "cy": 481.49999999786814,
            "r": 10414.495727035339
          },
          "param_count": 3,
          "rmse": 0.4427414104564863,
          "inlier_ratio": 1.0,
          "inlier_count": 353,
          "coverage": 0.005379287873163068
        },
        {
          "type": "bspline",
          "params": {
            "degree": 3,
            "closed": false,
            "control_points": [
              [
                852.0,
                658.0
              ],
              [
                853.0,
                608.0
              ],
              [
                853.0,
                558.0
              ],
              [
                853.0,
                508.0
              ],
              [
                853.0,
                457.0
              ],
              [
                853.0,
                407.0
              ],
              [
                853.0,
                357.0
              ],
              [
                853.0,
                306.0
              ]
            ],
            "approx_eps_ratio": 0.01
          },
          "param_count": 16,
          "rmse": 0.21398376064357288
        }
      ]
    },
    {
      "segment_id": "0_3",
      "contour_id": 0,
      "closed_parent": true,
      "stroke_like": false,
      "is_closed": false,
      "line_like": true,
      "elongation": 4363.434886649432,
      "point_count": 610,
      "candidates": [
        {
          "type": "line",
          "params": {
            "p1": [
              243.99999997347084,
              304.99674601466313
            ],
            "p2": [
              853.0000160717781,
              305.00654988403267
            ]
          },
          "param_count": 2,