{
  "sample_id": "demo",
  "selected": [
    {
      "segment_id": "0_0",
      "contour_id": 0,
      "type": "line",
      "params": {
        "p1": [
          38.94913251196907,
          300.1546039985467
        ],
        "p2": [
          281.0592465347431,
          379.81993118019705
        ]
      },
      "param_count": 2,
      "rmse": 0.900329054055766,
      "score": -89.27095810841323,
      "inlier_ratio": 0.8512396694214877,
      "inlier_count": 412
    },
    {
      "segment_id": "1_1",
      "contour_id": 1,
      "type": "ellipse",
      "params": {
        "cx": 422.0120849609375,
        "cy": 338.5186767578125,
        "ax": 99.64273071289062,
        "by": 101.6048583984375,
        "angle": 54.34382247924805
      },
      "param_count": 5,
      "rmse": 0.5992017640978922,
      "score": -609.0236903184594,
      "inlier_ratio": 0.4904153354632588,
      "inlier_count": 307
    },
    {
      "segment_id": "2_2",
      "contour_id": 2,
      "type": "ellipse",
      "params": {
        "cx": 419.9875183105469,
        "cy": 160.0008544921875,
        "ax": 70.89271545410156,
        "by": 120.84278106689453,
        "angle": 115.03726196289062
      },
      "param_count": 5,
      "rmse": 0.46419699894676997,
      "score": -814.1670936340754,
      "inlier_ratio": 1.0,
      "inlier_count": 551
    },
    {
      "segment_id": "3_3",
      "contour_id": 3,
      "type": "arc",
      "params": {
        "cx": 150.06195971324382,
        "cy": 150.07705919879902,
        "r": 80.33755025850219,
        "start_angle": 267.09612411338014,
        "end_angle": 200.50839917352056,
        "span": 293.4122750601404
      },
      "param_count": 4,
      "rmse": 0.25844141561836526,
      "score": -1209.524682155274,
      "inlier_ratio": 0.743421052631579,
      "inlier_count": 339
    }
  ]
}