{
  "sample_id": "demo2",
  "selected": [
    {
      "segment_id": "0_0",
      "contour_id": 0,
      "type": "ellipse",
      "params": {
        "cx": 568.063232421875,
        "cy": 480.9531555175781,
        "ax": 177.255615234375,
        "by": 1240.9010009765625,
        "angle": 89.7323989868164
      },
      "param_count": 5,
      "rmse": 0.6925516799706297,
      "score": -1374.3739575755037,
      "inlier_ratio": 0.20551508844953173,
      "inlier_count": 395
    },
    {
      "segment_id": "1_1",
      "contour_id": 1,
      "type": "ellipse",
      "params": {
        "cx": 931.028076171875,
        "cy": 240.525146484375,
        "ax": 62.53921127319336,
        "by": 142.1845245361328,
        "angle": 90.00341796875
      },
      "param_count": 5,
      "rmse": 0.4549446837697186,
      "score": -947.5841248299866,
      "inlier_ratio": 1.0,
      "inlier_count": 622
    },
    {
      "segment_id": "2_2",
      "contour_id": 2,
      "type": "line",
      "params": {
        "p1": [
          165.2226017037262,
          393.14216926046174
        ],
        "p2": [
          280.31715185634516,
          154.67043232653683
        ]
      },
      "param_count": 2,
      "rmse": 0.3029034817870276,
      "score": -1134.219851320233,
      "inlier_ratio": 0.5,
      "inlier_count": 240
    },
    {
      "segment_id": "3_3",
      "contour_id": 3,
      "type": "ellipse",
      "params": {
        "cx": 221.1015625,
        "cy": -35.15802001953125,
        "ax": 82.81237030029297,
        "by": 512.0720825195312,
        "angle": 122.20426940917969
      },
      "param_count": 5,
      "rmse": 0.6742794449762906,
      "score": -563.5367036022836,
      "inlier_ratio": 0.30647291941875826,
      "inlier_count": 232
    }
  ]
}