{
  "sample_id": "demo",
  "primitives": [
    {
      "type": "line",
      "p1": [
        38.927498054515624,
        300.2216670417383
      ],
      "p2": [
        281.1782252080231,
        379.4550917473956
      ]
    },
    {
      "type": "arc",
      "center": [
        419.43094559514344,
        340.4797636598283
      ],
      "radius": 99.66450864965539,
      "start_angle": 28.989947260831116,
      "end_angle": 231.1391407697528
    },
    {
      "type": "ellipse",
      "center": [
        419.9848327636719,
        160.00042724609375
      ],
      "axes": [
        70.8926773071289,
        120.83966064453125
      ],
      "angle": 115.03926086425781
    },
    {
      "type": "circle",
      "center": [
        150.0000000000001,
        150.00000000000003
      ],
      "radius": 80.39829578363151
    }
  ],
  "metrics": {
    "global_rmse": 68.29782318168009,
    "primitive_count": 4,
    "param_total": 14
  }
}