{
  "sample_id": "demo",
  "selected": [
    {
      "segment_id": "0_0",
      "contour_id": 0,
      "type": "line",
      "params": {
        "p1": [
          38.866382032575174,
          300.40836507692467
        ],
        "p2": [
          281.1071731194569,
          379.67245406334064
        ]
      },
      "param_count": 2,
      "rmse": 0.8589188483835271,
      "score": -134.85007716633697,
      "inlier_ratio": 0.7933884297520661,
      "inlier_count": 384
    },
    {
      "segment_id": "1_1",
      "contour_id": 1,
      "type": "arc",
      "params": {
        "cx": 420.60112964669577,
        "cy": 339.62205761227455,
        "r": 100.43643129306285,
        "start_angle": 29.959755371235644,
        "end_angle": 230.3051920197331,
        "span": 200.34543664849747
      },
      "param_count": 4,
      "rmse": 0.8748664462197743,
      "score": -141.61501304717424,
      "inlier_ratio": 0.8354632587859425,
      "inlier_count": 523
    },
    {
      "segment_id": "2_2",
      "contour_id": 2,
      "type": "ellipse",
      "params": {
        "cx": 419.9875183105469,
        "cy": 160.0008544921875,
        "ax": 70.89271545410156,
        "by": 120.84278106689453,
        "angle": 115.03726196289062
      },
      "param_count": 5,
      "rmse": 0.46419699894676997,
      "score": -814.1670936340754,
      "inlier_ratio": 1.0,
      "inlier_count": 551
    },
    {
      "segment_id": "3_3",
      "contour_id": 3,
      "type": "arc",
      "params": {
        "cx": 150.1003407827362,
        "cy": 149.98984762134558,
        "r": 80.4405276012829,
        "start_angle": 0.0071902459354191706,
        "end_angle": 323.5190437500589,
        "span": 323.5118535041235
      },
      "param_count": 4,
      "rmse": 0.2599010012655257,
      "score": -1204.388518935228,
      "inlier_ratio": 0.7390350877192983,
      "inlier_count": 337
    }
  ]
}