{
  "sample_id": "demo",
  "primitives": [
    {
      "type": "line",
      "p1": [
        39.25912209808884,
        299.23219275700353
      ],
      "p2": [
        280.7535816746372,
        380.7301638399672
      ]
    },
    {
      "type": "ellipse",
      "center": [
        417.2308349609375,
        342.62969970703125
      ],
      "axes": [
        96.8279800415039,
        99.85488891601562
      ],
      "angle": 136.47097778320312
    },
    {
      "type": "ellipse",
      "center": [
        419.9875183105469,
        160.0008544921875
      ],
      "axes": [
        70.89271545410156,
        120.84278106689453
      ],
      "angle": 115.03726196289062
    },
    {
      "type": "arc",
      "center": [
        150.05445313856794,
        149.92879869620583
      ],
      "radius": 80.33989209264155,
      "start_angle": 166.9645250792205,
      "end_angle": 80.70201751639956
    }
  ],
  "metrics": {
    "global_rmse": 76.35009753026068,
    "primitive_count": 4,
    "param_total": 16
  }
}