{
  "sample_id": "demo",
  "primitives": [
    {
      "type": "line",
      "p1": [
        38.95856489299942,
        300.1258965411743
      ],
      "p2": [
        281.06655484277303,
        379.797769820364
      ]
    },
    {
      "type": "ellipse",
      "center": [
        419.5033264160156,
        340.4781188964844
      ],
      "axes": [
        100.14623260498047,
        100.70458984375
      ],
      "angle": 136.08302307128906
    },
    {
      "type": "ellipse",
      "center": [
        419.9875183105469,
        160.0008544921875
      ],
      "axes": [
        70.89271545410156,
        120.84278106689453
      ],
      "angle": 115.03726196289062
    },
    {
      "type": "circle",
      "center": [
        150.0000000000001,
        150.00000000000003
      ],
      "radius": 80.39829578363151
    }
  ],
  "metrics": {
    "global_rmse": 72.45580859092186,
    "primitive_count": 4,
    "param_total": 15
  }
}