{
  "sample_id": "demo",
  "selected": [
    {
      "segment_id": "0_0",
      "contour_id": 0,
      "type": "line",
      "params": {
        "p1": [
          38.95856489299942,
          300.1258965411743
        ],
        "p2": [
          281.06655484277303,
          379.797769820364
        ]
      },
      "param_count": 2,
      "rmse": 0.9002561887963226,
      "score": -89.34930327030953,
      "inlier_ratio": 0.8512396694214877,
      "inlier_count": 412
    },
    {
      "segment_id": "1_1",
      "contour_id": 1,
      "type": "ellipse",
      "params": {
        "cx": 419.5033264160156,
        "cy": 340.4781188964844,
        "ax": 100.14623260498047,
        "by": 100.70458984375,
        "angle": 136.08302307128906
      },
      "param_count": 5,
      "rmse": 0.5619214784294237,
      "score": -689.4474806421928,
      "inlier_ratio": 0.4936102236421725,
      "inlier_count": 309
    },
    {
      "segment_id": "2_2",
      "contour_id": 2,
      "type": "ellipse",
      "params": {
        "cx": 419.9875183105469,
        "cy": 160.0008544921875,
        "ax": 70.89271545410156,
        "by": 120.84278106689453,
        "angle": 115.03726196289062
      },
      "param_count": 5,
      "rmse": 0.46419699894676997,
      "score": -814.1670936340754,
      "inlier_ratio": 1.0,
      "inlier_count": 551
    },
    {
      "segment_id": "3_3",
      "contour_id": 3,
      "type": "circle",
      "params": {
        "cx": 150.0000000000001,
        "cy": 150.00000000000003,
        "r": 80.39829578363151
      },
      "param_count": 3,
      "rmse": 0.26706829824029704,
      "score": -1185.7013010031249,
      "inlier_ratio": 1.0,
      "inlier_count": 456
    }
  ]
}