{
  "sample_id": "demo",
  "primitives": [
    {
      "type": "line",
      "p1": [
        38.94913251196907,
        300.1546039985467
      ],
      "p2": [
        281.0592465347431,
        379.81993118019705
      ]
    },
    {
      "type": "ellipse",
      "center": [
        422.0120849609375,
        338.5186767578125
      ],
      "axes": [
        99.64273071289062,
        101.6048583984375
      ],
      "angle": 54.34382247924805
    },
    {
      "type": "ellipse",
      "center": [
        419.9875183105469,
        160.0008544921875
      ],
      "axes": [
        70.89271545410156,
        120.84278106689453
      ],
      "angle": 115.03726196289062
    },
    {
      "type": "arc",
      "center": [
        150.06195971324382,
        150.07705919879902
      ],
      "radius": 80.33755025850219,
      "start_angle": 267.09612411338014,
      "end_angle": 200.50839917352056
    }
  ],
  "metrics": {
    "global_rmse": 69.18001571014564,
    "primitive_count": 4,
    "param_total": 16
  }
}