{
  "sample_id": "demo",
  "selected": [
    {
      "segment_id": "0_0",
      "contour_id": 0,
      "type": "arc",
      "params": {
        "cx": 219.87492866855322,
        "cy": 164.05386856096436,
        "r": 187.6297748160077,
        "start_angle": 95.10359073985353,
        "end_angle": 121.40582181949941,
        "span": 26.30223107964588
      },
      "param_count": 4,
      "rmse": 0.9662625161533157,
      "score": -8.493154982631708,
      "inlier_ratio": 0.21487603305785125,
      "inlier_count": 104
    },
    {
      "segment_id": "1_1",
      "contour_id": 1,
      "type": "ellipse",
      "params": {
        "cx": 442.6171875,
        "cy": 325.1376953125,
        "ax": 110.3353271484375,
        "by": 127.06990051269531,
        "angle": 56.33708953857422
      },
      "param_count": 5,
      "rmse": 1.6528660825367234,
      "score": 661.3402744041291,
      "inlier_ratio": 0.5447284345047924,
      "inlier_count": 341
    },
    {
      "segment_id": "2_2",
      "contour_id": 2,
      "type": "ellipse",
      "params": {
        "cx": 419.9875183105469,
        "cy": 160.0008544921875,
        "ax": 70.89271545410156,
        "by": 120.84278106689453,
        "angle": 115.03726196289062
      },
      "param_count": 5,
      "rmse": 0.46419699894676997,
      "score": -814.1670936340754,
      "inlier_ratio": 1.0,
      "inlier_count": 551
    },
    {
      "segment_id": "3_3",
      "contour_id": 3,
      "type": "circle",
      "params": {
        "cx": 150.0000000000001,
        "cy": 150.00000000000003,
        "r": 80.39829578363151
      },
      "param_count": 3,
      "rmse": 0.26706829824029704,
      "score": -1185.7013010031249,
      "inlier_ratio": 1.0,
      "inlier_count": 456
    }
  ]
}