{
  "sample_id": "demo",
  "primitives": [
    {
      "type": "line",
      "p1": [
        38.94913251196907,
        300.1546039985467
      ],
      "p2": [
        281.0592465347431,
        379.81993118019705
      ]
    },
    {
      "type": "ellipse",
      "center": [
        420.76263427734375,
        336.87652587890625
      ],
      "axes": [
        101.12924194335938,
        103.2083969116211
      ],
      "angle": 12.086588859558105
    },
    {
      "type": "ellipse",
      "center": [
        419.9875183105469,
        160.0008544921875
      ],
      "axes": [
        70.89271545410156,
        120.84278106689453
      ],
      "angle": 115.03726196289062
    },
    {
      "type": "circle",
      "center": [
        150.0000000000001,
        150.00000000000003
      ],
      "radius": 80.39829578363151
    }
  ],
  "metrics": {
    "global_rmse": 64.78920823574106,
    "primitive_count": 4,
    "param_total": 15
  }
}