{
  "sample_id": "demo",
  "selected": [
    {
      "segment_id": "0_0",
      "contour_id": 0,
      "type": "line",
      "params": {
        "p1": [
          39.246418325362825,
          299.2698361600328
        ],
        "p2": [
          280.7408779019112,
          380.76780724299647
        ]
      },
      "param_count": 2,
      "rmse": 0.9056833317813556,
      "score": -83.53128980479049,
      "inlier_ratio": 0.859504132231405,
      "inlier_count": 416
    },
    {
      "segment_id": "1_1",
      "contour_id": 1,
      "type": "arc",
      "params": {
        "cx": 419.5475433495813,
        "cy": 340.5704870458705,
        "r": 99.7691117240535,
        "start_angle": 28.976852907432203,
        "end_angle": 231.11966653725023,
        "span": 202.14281362981802
      },
      "param_count": 4,
      "rmse": 0.8426171724171869,
      "score": -188.6382703304656,
      "inlier_ratio": 0.8162939297124601,
      "inlier_count": 511
    },
    {
      "segment_id": "2_2",
      "contour_id": 2,
      "type": "arc",
      "params": {
        "cx": 373.52661282660614,
        "cy": 259.07380860788186,
        "r": 180.74931740287067,
        "start_angle": 260.53317226842336,
        "end_angle": 329.91405905060583,
        "span": 69.38088678218242
      },
      "param_count": 4,
      "rmse": 0.48230637497456097,
      "score": -778.3047197781196,
      "inlier_ratio": 0.3502722323049002,
      "inlier_count": 193
    },
    {
      "segment_id": "3_3",
      "contour_id": 3,
      "type": "arc",
      "params": {
        "cx": 150.11779455079716,
        "cy": 149.95144531537287,
        "r": 80.48160756936612,
        "start_angle": 351.49090087935053,
        "end_angle": 306.3976396752671,
        "span": 314.90673879591657
      },
      "param_count": 4,
      "rmse": 0.2624450874283101,
      "score": -1195.504658301812,
      "inlier_ratio": 0.6907894736842105,
      "inlier_count": 315
    }
  ]
}