{
  "sample_id": "demo",
  "primitives": [
    {
      "type": "line",
      "p1": [
        38.866382032575174,
        300.40836507692467
      ],
      "p2": [
        281.1071731194569,
        379.67245406334064
      ]
    },
    {
      "type": "arc",
      "center": [
        420.60112964669577,
        339.62205761227455
      ],
      "radius": 100.43643129306285,
      "start_angle": 29.959755371235644,
      "end_angle": 230.3051920197331
    },
    {
      "type": "ellipse",
      "center": [
        419.9875183105469,
        160.0008544921875
      ],
      "axes": [
        70.89271545410156,
        120.84278106689453
      ],
      "angle": 115.03726196289062
    },
    {
      "type": "arc",
      "center": [
        150.1003407827362,
        149.98984762134558
      ],
      "radius": 80.4405276012829,
      "start_angle": 0.0071902459354191706,
      "end_angle": 323.5190437500589
    }
  ],
  "metrics": {
    "global_rmse": 69.07750312513068,
    "primitive_count": 4,
    "param_total": 15
  }
}