{
  "sample_id": "demo2",
  "items": [
    {
      "segment_id": "0_0",
      "contour_id": 0,
      "closed_parent": true,
      "stroke_like": false,
      "is_closed": false,
      "line_like": true,
      "elongation": 1925.456492634642,
      "point_count": 353,
      "candidates": [
        {
          "type": "line",
          "params": {
            "p1": [
              242.99439055128533,
              657.0000001362238
            ],
            "p2": [
              243.01128572053662,
              304.9999521385904
            ]
          },
          "param_count": 2,
          "rmse": 0.05292349972131165,
          "inlier_ratio": 1.0,
          "inlier_count": 353
        },
        {
          "type": "arc",
          "params": {
            "cx": -178.20912204642693,
            "cy": 384.4999999999999,
            "r": 423.79048419604925,
            "start_angle": 351.95959706083266,
            "end_angle": 8.040402939167336,
            "span": 16.080805878334672
          },
          "param_count": 4,
          "rmse": 0.8792960868009769,
          "coverage": 0.04466890521759631,
          "inlier_ratio": 0.15864022662889518,
          "inlier_count": 56
        },
        {
          "type": "circle",
          "params": {
            "cx": 10656.999999952219,
            "cy": 481.5000000000009,
            "r": 10414.495727062584
          },
          "param_count": 3,
          "rmse": 0.44274141045538135,
          "inlier_ratio": 1.0,
          "inlier_count": 353,
          "coverage": 0.005379287873148857
        },
        {
          "type": "bspline",
          "params": {
            "degree": 3,
            "closed": false,
            "control_points": [
              [
                244.0,
                305.0
              ],
              [
                243.0,
                355.0
              ],
              [
                243.0,
                405.0
              ],
              [
                243.0,
                455.0
              ],
              [
                243.0,
                506.0
              ],
              [
                243.0,
                556.0
              ],
              [
                243.0,
                606.0
              ],
              [
                243.0,
                657.0
              ]
            ],
            "approx_eps_ratio": 0.01,
            "stroke_inlier_ratio": 0.55
          },
          "param_count": 16,
          "rmse": 0.2139837606435724
        }
      ]
    },
    {
      "segment_id": "0_1",
      "contour_id": 0,
      "closed_parent": true,
      "stroke_like": false,
      "is_closed": false,
      "line_like": true,
      "elongation": 4363.434886649432,
      "point_count": 610,
      "candidates": [
        {
          "type": "line",
          "params": {
            "p1": [
              242.99998392822192,
              657.9934501159673
            ],
            "p2": [
              852.0000000265292,
              658.0032539853369
            ]
          },
          "param_count": 2,
          "rmse": 0.04035617583647163,
          "inlier_ratio": 1.0,
          "inlier_count": 610
        },
        {
          "type": "arc",
          "params": {
            "cx": 718.4999999999999,
            "cy": -58.00376589984073,
            "r": 720.8374593365369,
            "start_angle": 82.40277533019275,
            "end_angle": 97.59722466980725,
            "span": 15.194449339614494
          },
          "param_count": 4,
          "rmse": 0.8642261629734286,
          "coverage": 0.04220680372115137,
          "inlier_ratio": 0.08524590163934426,
          "inlier_count": 52
        },
        {
          "type": "circle",
          "params": {
            "cx": 743.4999999999995,
            "cy": -89.95156913455608,
            "r": 748.9215355679872
          },
          "param_count": 3,
          "rmse": 0.8666090686104932,
          "inlier_ratio": 0.21639344262295082,
          "inlier_count": 132,
          "coverage": 0.11688402096047873
        },
        {
          "type": "bspline",
          "params": {
            "degree": 3,
            "closed": false,
            "control_points": [
              [
                243.0,
                657.0
              ],
              [
                330.0,
                658.0
              ],
              [
                417.0,
                658.0
              ],
              [
                504.0,
                658.0
              ],
              [
                591.0,
                658.0
              ],
              [
                678.0,
                658.0
              ],
              [
                765.0,
                658.0
              ],
              [
                852.0,
                658.0
              ]
            ],
            "approx_eps_ratio": 0.01,
            "stroke_inlier_ratio": 0.55
          },
          "param_count": 16,
          "rmse": 0.21614411780808615
        }
      ]
    },
    {
      "segment_id": "0_2",
      "contour_id": 0,
      "closed_parent": true,
      "stroke_like": false,
      "is_closed": false,
      "line_like": true,
      "elongation": 1925.456492634642,
      "point_count": 353,
      "candidates": [
        {
          "type": "line",
          "params": {
            "p1": [
              852.9887447970415,
              658.0000478628745
            ],
            "p2": [
              853.0056399662927,
              305.999999865241
            ]
          },
          "param_count": 2,
          "rmse": 0.05292350547914153,
          "inlier_ratio": 1.0,
          "inlier_count": 353
        },
        {
          "type": "arc",
          "params": {
            "cx": 330.6220414052982,
            "cy": 408.8233206472254,
            "r": 525.7828787318831,
            "start_angle": 352.17131625904005,
            "end_angle": 7.8667184827002075,
            "span": 15.695402223660153
          },
          "param_count": 4,
          "rmse": 0.8631934253003284,
          "coverage": 0.04359833951016709,
          "inlier_ratio": 0.1501416430594901,
          "inlier_count": 53
        },
        {
          "type": "circle",
          "params": {
            "cx": 280.90846151282443,
            "cy": 499.4999999999994,
            "r": 573.0706574311959
          },
          "param_count": 3,
          "rmse": 0.8744812906792818,
          "inlier_ratio": 0.3286118980169972,
          "inlier_count": 116,
          "coverage": 0.09499612566247448
        },
        {
          "type": "bspline",
          "params": {
            "degree": 3,
            "closed": false,
            "control_points": [
              [
                852.0,
                658.0
              ],
              [
                853.0,
                608.0
              ],
              [
                853.0,
                558.0
              ],
              [
                853.0,
                508.0
              ],
              [
                853.0,
                457.0
              ],
              [
                853.0,
                407.0
              ],
              [
                853.0,
                357.0
              ],
              [
                853.0,
                306.0
              ]
            ],
            "approx_eps_ratio": 0.01,
            "stroke_inlier_ratio": 0.55
          },
          "param_count": 16,
          "rmse": 0.21398376064357288
        }
      ]
    },
    {
      "segment_id": "0_3",
      "contour_id": 0,
      "closed_parent": true,
      "stroke_like": false,
      "is_closed": false,
      "line_like": true,
      "elongation": 4363.434886649432,
      "point_count": 610,
      "candidates": [
        {
          "type": "line",
          "params": {
            "p1": [
              243.99999997347084,
              304.99674601466313
            ],