{
  "sample_id": "demo2",
  "items": [
    {
      "segment_id": "0_0",
      "contour_id": 0,
      "closed_parent": true,
      "stroke_like": false,
      "is_closed": false,
      "line_like": true,
      "elongation": 1925.456492634642,
      "point_count": 353,
      "candidates": [
        {
          "type": "line",
          "params": {
            "p1": [
              242.99439055128533,
              657.0000001362238
            ],
            "p2": [
              243.01128572053662,
              304.9999521385904
            ]
          },
          "param_count": 2,
          "rmse": 0.05292349972131165,
          "inlier_ratio": 1.0,
          "inlier_count": 353
        },
        {
          "type": "arc",
          "params": {
            "cx": -243.79023264819,
            "cy": 424.8334509527171,
            "r": 489.8128591177045,
            "start_angle": 352.1824993293549,
            "end_angle": 7.855977803344501,
            "span": 15.673478473989576
          },
          "param_count": 4,
          "rmse": 0.8727142120827378,
          "coverage": 0.0435374402055266,
          "inlier_ratio": 0.1558073654390935,
          "inlier_count": 55
        },
        {
          "type": "circle",
          "params": {
            "cx": 10656.999999952219,
            "cy": 481.5000000000009,
            "r": 10414.495727062584
          },
          "param_count": 3,
          "rmse": 0.44274141045538135,
          "inlier_ratio": 1.0,
          "inlier_count": 353,
          "coverage": 0.005379287873148857
        },
        {
          "type": "bspline",
          "params": {
            "degree": 3,
            "closed": false,
            "control_points": [
              [
                244.0,
                305.0
              ],
              [
                243.0,
                355.0
              ],
              [
                243.0,
                405.0
              ],
              [
                243.0,
                455.0
              ],
              [
                243.0,
                506.0
              ],
              [
                243.0,
                556.0
              ],
              [
                243.0,
                606.0
              ],
              [
                243.0,
                657.0
              ]
            ],
            "approx_eps_ratio": 0.01,
            "stroke_inlier_ratio": 0.55
          },
          "param_count": 16,
          "rmse": 0.2139837606435724
        }
      ]
    },
    {
      "segment_id": "0_1",
      "contour_id": 0,
      "closed_parent": true,
      "stroke_like": false,
      "is_closed": false,
      "line_like": true,
      "elongation": 4363.434886649432,
      "point_count": 610,
      "candidates": [
        {
          "type": "line",
          "params": {
            "p1": [
              242.99998392822192,
              657.9934501159673
            ],
            "p2": [
              852.0000000265292,
              658.0032539853369
            ]
          },
          "param_count": 2,
          "rmse": 0.04035617583647163,
          "inlier_ratio": 1.0,
          "inlier_count": 610
        },
        {
          "type": "arc",
          "params": {
            "cx": 654.4999999999999,
            "cy": 7.641839559116815,
            "r": 654.5446153767641,
            "start_angle": 82.42391774073155,
            "end_angle": 97.57608225926845,
            "span": 15.152164518536893
          },
          "param_count": 4,
          "rmse": 0.8755329578674451,
          "coverage": 0.0420893458848247,
          "inlier_ratio": 0.08852459016393442,
          "inlier_count": 54
        },
        {
          "type": "circle",
          "params": {
            "cx": 547.9999999999808,
            "cy": -30401.66666661348,
            "r": 31060.164199627266
          },
          "param_count": 3,
          "rmse": 0.44463475217526227,
          "inlier_ratio": 1.0,
          "inlier_count": 610,
          "coverage": 0.003120568519091983
        },
        {
          "type": "bspline",
          "params": {
            "degree": 3,
            "closed": false,
            "control_points": [
              [
                243.0,
                657.0
              ],
              [
                330.0,
                658.0
              ],
              [
                417.0,
                658.0
              ],
              [
                504.0,
                658.0
              ],
              [
                591.0,
                658.0
              ],
              [
                678.0,
                658.0
              ],
              [
                765.0,
                658.0
              ],
              [
                852.0,
                658.0
              ]
            ],
            "approx_eps_ratio": 0.01,
            "stroke_inlier_ratio": 0.55
          },
          "param_count": 16,
          "rmse": 0.21614411780808615
        }
      ]
    },
    {
      "segment_id": "0_2",
      "contour_id": 0,
      "closed_parent": true,
      "stroke_like": false,
      "is_closed": false,
      "line_like": true,
      "elongation": 1925.456492634642,
      "point_count": 353,
      "candidates": [
        {
          "type": "line",
          "params": {
            "p1": [
              852.9887447970415,
              658.0000478628745
            ],
            "p2": [
              853.0056399662927,
              305.999999865241
            ]
          },
          "param_count": 2,
          "rmse": 0.05292350547914153,
          "inlier_ratio": 1.0,
          "inlier_count": 353
        },
        {
          "type": "arc",
          "params": {
            "cx": 269.18073986827403,
            "cy": 521.9999999999999,
            "r": 587.3179960641047,
            "start_angle": 352.48661686130686,
            "end_angle": 7.513383138693143,
            "span": 15.026766277386287
          },
          "param_count": 4,
          "rmse": 0.8746649799456727,
          "coverage": 0.04174101743718413,
          "inlier_ratio": 0.15864022662889518,
          "inlier_count": 56
        },
        {
          "type": "circle",
          "params": {
            "cx": -9560.999999924972,
            "cy": 481.49999999786814,
            "r": 10414.495727035339
          },
          "param_count": 3,
          "rmse": 0.4427414104564863,
          "inlier_ratio": 1.0,
          "inlier_count": 353,
          "coverage": 0.005379287873163068
        },
        {
          "type": "bspline",
          "params": {
            "degree": 3,
            "closed": false,
            "control_points": [
              [
                852.0,
                658.0
              ],
              [
                853.0,
                608.0
              ],
              [
                853.0,
                558.0
              ],
              [
                853.0,
                508.0
              ],
              [
                853.0,
                457.0
              ],
              [
                853.0,
                407.0
              ],
              [
                853.0,
                357.0
              ],
              [
                853.0,
                306.0
              ]
            ],
            "approx_eps_ratio": 0.01,
            "stroke_inlier_ratio": 0.55
          },
          "param_count": 16,
          "rmse": 0.21398376064357288
        }
      ]
    },
    {
      "segment_id": "0_3",
      "contour_id": 0,
      "closed_parent": true,
      "stroke_like": false,
      "is_closed": false,
      "line_like": true,
      "elongation": 4363.434886649432,
      "point_count": 610,
      "candidates": [
        {
          "type": "line",
          "params": {
            "p1": [
              243.99999997347084,
              304.99674601466313
            ],