{
  "sample_id": "demo",
  "primitives": [
    {
      "type": "arc",
      "center": [
        219.87492866855322,
        164.05386856096436
      ],
      "radius": 187.6297748160077,
      "start_angle": 95.10359073985353,
      "end_angle": 121.40582181949941
    },
    {
      "type": "ellipse",
      "center": [
        442.6171875,
        325.1376953125
      ],
      "axes": [
        110.3353271484375,
        127.06990051269531
      ],
      "angle": 56.33708953857422
    },
    {
      "type": "ellipse",
      "center": [
        419.9875183105469,
        160.0008544921875
      ],
      "axes": [
        70.89271545410156,
        120.84278106689453
      ],
      "angle": 115.03726196289062
    },
    {
      "type": "circle",
      "center": [
        150.0000000000001,
        150.00000000000003
      ],
      "radius": 80.39829578363151
    }
  ],
  "metrics": {
    "global_rmse": 65.38381049100462,
    "primitive_count": 4,
    "param_total": 17
  }
}