{
  "sample_id": "demo8",
  "primitives": [
    {
      "type": "line",
      "p1": [
        1150.91772128851,
        1099.0667348534869
      ],
      "p2": [
        1221.5628306581225,
        1186.1656748142354
      ]
    },
    {
      "type": "line",
      "p1": [
        1153.9542306276533,
        1095.7809757647012
      ],
      "p2": [
        1262.597971848844,
        1073.0762781908784
      ]
    },
    {
      "type": "ellipse",
      "center": [
        774.4185180664062,
        829.5689697265625
      ],
      "axes": [
        346.3587646484375,
        412.1539306640625
      ],
      "angle": 135.00782775878906
    },
    {
      "type": "bspline",
      "degree": 3,
      "closed": true,
      "control_points": [
        [
          725.0,
          729.0
        ],
        [
          623.0,
          953.0
        ],
        [
          819.0,
          1149.0
        ],
        [
          1042.0,
          1049.0
        ],
        [
          984.0,
          789.0
        ]
      ]
    }
  ],
  "metrics": {
    "global_rmse": 166.64040057776714,
    "primitive_count": 4,
    "param_total": 19
  }
}